1	34113012	A	G	0.469449	rs771119
1	38888836	T	G	0.310503	rs4589074
1	38888845	T	C	0.461661	rs4414011
1	43196435	G	C	0.255791	rs12122233
1	51973456	G	0T	0.714457	rs35006698
1	51973456	G	1GT	0.714457	rs35006698
1	58748071	G	A	0.294928	rs13376301
1	63890887	T	C	0.834065	rs855838
1	67992849	G	A	0.254393	rs12040310
1	72176967	G	A	0.588259	rs2821293
1	78094899	G	A	0.238219	rs565164
1	91387300	C	T	0.873403	rs282023
1	91387539	G	A	0.123802	rs573592293
1	107570707	C	T	0.114018	rs79062630
1	107571005	C	0G	0.114417	rs3838420
1	107571005	C	1CG	0.114417	rs3838420
1	107571041	G	C	0.186302	rs3790682
1	111041841	G	0T	0.476837	rs11386039
1	111041841	G	1GT	0.476837	rs11386039
1	111041887	G	A	0.477037	rs7546718
1	118264436	T	C	0.616613	rs7526525
1	162338651	C	A	0.343051	rs2661815
1	163468588	A	G	0.172125	rs10917767
1	163509488	G	A	0.337061	rs10799924
1	181771607	A	G	0.252596	rs199929
1	204562439	C	T	0.508586	rs4951397
1	204562495	C	T	0.134585	rs16853967
1	204707411	C	0G	0.139177	rs78513240
1	204707411	C	1CG	0.139177	rs78513240
1	211626682	A	C	0.232827	rs12724388
1	228555798	C	A	0.785144	rs12035708
1	228555875	G	A	0.117013	rs28593014
1	228647924	C	T	0.217652	rs12046644
1	234301261	G	A	0.15655	rs57645556
1	237603140	C	A	0.190695	rs79373028
1	237603453	A	G	0.589657	rs12137565
2	20401700	C	T	0.192093	rs10184232
2	26571739	C	T	0.16274	rs1522103
2	31228358	G	C	0.264177	rs12463552
2	32117439	A	T	0.476238	rs7573543
2	33285823	C	G	0.283946	rs10169788
2	33285849	G	T	0.16254	rs6756709
2	33332907	A	G	0.690895	rs4569454
2	44865896	T	C	0.154952	rs503300
2	63208982	T	C	0.130391	rs62177774
2	132254538	T	C	0.219449	rs13382851
2	132279340	C	T	0.113019	rs141741124
2	132280239	A	G	0.860024	rs13035625
2	132280461	A	G	0.884784	rs11674788
2	132280463	G	A	0.745008	rs11679844
2	132280606	A	C	0.137181	rs9677171
2	132280793	C	T	0.71905	rs1966113
2	132281156	T	G	0.892173	rs2315206
2	132281313	A	G	0.883986	rs4953959
2	132281331	T	G	0.13778	rs13388320
2	132281649	G	A	0.280152	rs11681463
2	158449778	C	T	0.116613	rs11688365
2	158584201	T	G	0.125399	rs3771623
2	160014429	G	A	0.702476	rs2715945
2	160014433	T	C	0.261581	rs2221808
2	162496959	T	C	0.135783	rs67982913
2	164150184	C	G	0.210064	rs11892933
2	164150238	C	G	0.211861	rs10930117
2	164858491	G	A	0.15595	rs355803
2	188276838	T	C	0.193091	rs13413164
2	190537954	A	G	0.143171	rs10211375
2	194729708	C	T	0.604832	rs12693740
2	208054193	C	T	0.413139	rs10932227
2	208920554	A	G	0.201078	rs12052603
2	213772320	A	G	0.53095	rs1965056
2	225022369	G	A	0.201677	rs28653459
2	227763090	G	A	0.21226	rs34099886
3	12511129	A	C	0.420927	rs299660
3	14394685	T	1	0.89996	rs10712955
3	22863514	T	C	0.291933	rs13075507
3	22863541	A	G	0.226438	rs13095595
3	22863613	TCT	3	0.208466	rs2307855
3	25352346	T	C	0.40635	rs13073683
3	25352369	A	G	0.187899	rs11712065
3	29857771	G	A	0.137181	rs35714811
3	29857782	C	T	0.1875	rs60639646
3	31228765	G	0C	0.139976	rs113200106
3	31228765	G	1GC	0.139976	rs113200106
3	31228766	T	C	0.491613	rs7624891
3	33492062	C	T	0.309105	rs12054460
3	49950042	C	T	0.152955	rs7615318
3	50419796	G	A	0.195487	rs916217
3	51694557	G	A	0.696286	rs13090011
3	56185152	AAGCT	5	0.177516	rs138594236
3	56185182	T	C	0.75	rs4974175
3	67834476	G	A	0.114217	rs7626153
3	119529454	G	A	0.688299	rs1523311
3	119529474	A	G	0.442891	rs9855093
3	131417953	T	C	0.860623	rs1352108
3	139082507	G	A	0.760383	rs657994
3	158982987	A	C	0.677316	rs9290033
3	176763259	C	T	0.100639	rs11920836
3	189547915	A	G	0.783546	rs4287897
4	7582631	G	A	0.133786	rs28431064
4	8393109	G	C	0.401558	rs11931965
4	10115806	C	T	0.123602	rs73212886
4	40531280	C	T	0.39397	rs3114381
4	42583631	G	A	0.198083	rs13124088
4	69430944	C	T	0.600839	rs2736491
4	73904504	A	T	0.200679	rs353042
4	103744581	C	A	0.309904	rs233991
4	119237530	T	G	0.736821	rs6841872
4	133161812	T	C	0.52476	rs4605668
4	133789113	G	A	0.252396	rs41426348
4	133789262	T	C	0.160942	rs7668810
4	149847981	G	A	0.145966	rs72963566
4	150402244	T	A	0.800319	rs1910721
4	153238733	G	C	0.201278	rs4696444
4	177457163	C	A	0.146965	rs11726465
4	178406702	G	A	0.870807	rs2705972
5	3352923	T	C	0.289936	rs7444807
5	3352958	C	A	0.373802	rs7447493
5	7047262	T	A	0.174521	rs11743025
5	9760910	C	T	0.122804	rs57092684
5	33277907	A	G	0.210064	rs72735117
5	33277943	T	C	0.551518	rs399608
5	34038432	A	G	0.715256	rs7712366
5	34862020	C	T	0.246805	rs11744123
5	39397560	T	A	0.214657	rs3844507
5	71850922	C	T	0.459665	rs10462545
5	71850930	T	C	0.58107	rs4704314
5	71851055	T	C	0.573882	rs4416585
5	71851056	G	A	0.570887	rs6453246
5	71851059	G	A	0.213259	rs138143205
5	102131064	C	G	0.394768	rs405289
5	123655208	A	T	0.445288	rs13172141
5	123655249	C	T	0.136781	rs10037930
5	136969296	T	C	0.319688	rs72792552
5	146556095	G	A	0.504393	rs12173251
5	149473488	G	A	0.186102	rs61278300
5	149947515	T	C	0.480431	rs2341276
5	150926970	C	G	0.15635	rs76433514
5	151875656	C	T	0.539337	rs2964606
5	155408727	C	0AGG	0.189097	rs112362724
5	155408727	C	1CAGG	0.189097	rs112362724
5	155845517	G	T	0.109225	rs41472848
5	156084476	T	C	0.338259	rs256775
5	175114851	A	G	0.125799	rs12513525
5	175115143	G	A	0.121406	rs34937678
6	3088706	C	T	0.119808	rs9501919
6	4427989	C	G	0.429912	rs4246069
6	22691103	G	0T	0.778554	rs5874882
6	22691103	G	1GT	0.778554	rs5874882
6	27772331	C	0A	0.161142	rs79795072
6	27772331	C	1CA	0.161142	rs79795072
6	29762147	C	G	0.221446	rs1610729
6	37386659	C	T	0.273762	rs195429
6	87639278	T	G	0.630192	rs7746465
6	94064938	A	G	0.542931	rs4707820
6	109753190	C	T	0.203674	rs6568604
6	109753209	C	T	0.135583	rs7775092
6	120686629	C	G	0.108227	rs12199642
6	125979821	A	G	0.780551	rs4897165
6	129493421	G	A	0.355831	rs1414741
6	136738028	T	C	0.139577	rs7747030
6	140158667	C	G	0.222244	rs7758187
6	153159237	T	0AAC	0.477835	rs142357963
6	153159237	T	1TAAC	0.477835	rs142357963
6	153420478	G	C	0.338858	rs270288
7	2985570	A	T	0.247005	rs34320786
7	5131203	T	C	0.385783	rs4395800
7	14576132	C	G	0.745807	rs6948376
7	44125863	C	T	0.552915	rs2922665
7	66550643	C	G	0.757188	rs801212
7	68321760	A	G	0.277556	rs6978457
7	69062461	C	G	0.569089	rs3102777
7	69062479	A	G	0.119209	rs13310142
7	69062600	A	G	0.592452	rs7456329
7	69062638	G	A	0.130192	rs111602578
7	69062748	A	G	0.373403	rs4718859
7	72597587	C	G	0.481829	rs55948204
7	72597589	G	C	0.241813	rs186645676
7	81276062	T	0G	0.162939	rs60216102
7	81276062	T	1TG	0.162939	rs60216102
7	81276064	T	G	0.552117	rs245428
7	81333647	A	T	0.884984	rs2014649
7	96711432	A	G	0.362819	rs12704874
7	99468363	C	G	0.170527	rs28602855
7	104896336	C	T	0.327077	rs2041830
7	129756334	C	G	0.199681	rs11557288
7	140786943	T	C	0.128794	rs1270193
7	152593033	C	G	0.134385	rs13228459
7	152593059	A	G	0.157548	rs77875989
7	153986064	T	C	0.885184	rs256860
8	4181242	C	G	0.21845	rs11993231
8	21598468	T	1	0.39397	rs75149581
8	21598482	C	T	0.391174	rs1904900
8	21598605	G	A	0.39377	rs1904899
8	21598764	C	T	0.346246	rs13264603
8	46040099	C	G	0.478235	rs1880507
8	46040187	G	A	0.427316	rs4265202
8	46040191	G	T	0.447085	rs1880508
8	48463398	T	C	0.373403	rs6471788
8	55745242	C	T	0.704872	rs4738457
8	55909141	T	G	0.730232	rs13252782
8	55909236	T	G	0.730232	rs13253060
8	55909250	C	T	0.730232	rs13279481
8	55909386	G	A	0.730232	rs12545621
8	55909404	T	C	0.730232	rs12543920
8	69690024	T	C	0.553315	rs9693183
8	69690053	G	1	0.252196	rs571171864;rs368075578
8	69690303	T	A	0.415935	rs2933071
8	69690303	T	C	0.283147	rs2933071
8	69690360	G	A	0.111621	rs2933070
8	76368133	T	C	0.669928	rs7016262
8	83761563	C	1	0.217652	rs5892883
8	107884514	G	A	0.127396	rs4734162
8	113013476	G	A	0.745607	rs1532798
8	116022784	C	T	0.476238	rs2223060
8	123220495	T	C	0.1248	rs16898165
8	132754279	T	C	0.633786	rs2553609
9	17001124	C	A	0.511182	rs182031
9	17001202	C	A	0.671725	rs263634
9	17001218	A	C	0.563898	rs263633
9	19492917	GTGGTCTACCA	11	0.101837	rs112387716
9	19492975	A	G	0.369609	rs10117909
9	29042231	C	T	0.19369	rs10968907
9	34206208	G	A	0.226238	rs10971994
9	62802408	C	1	0.598442	rs59497830
9	63813218	G	C	0.476837	rs75745137
9	78888892	G	C	0.152756	rs11137941
9	103290151	G	T	0.126198	rs12337792
9	103290312	G	A	0.227236	rs12376516
9	121105192	C	G	0.43151	rs7022941
9	137793016	A	G	0.322284	rs6559225
10	13727842	A	G	0.679912	rs12572591
10	14663418	T	C	0.101238	rs66914313
10	24640212	G	A	0.818091	rs7090524
10	25813900	G	A	0.369609	rs16926362
10	28874484	G	A	0.565695	rs1691940
10	32410619	A	G	0.399561	rs11008925
10	49703029	G	A	0.389577	rs7083635
10	49703077	A	G	0.136382	rs7068126
10	55599937	C	T	0.355232	rs11004928
10	64812458	T	G	0.685304	rs1227215
10	68461437	G	A	0.139377	rs4388762
10	68461510	T	C	0.168131	rs7895191
10	77969968	A	C	0.100639	rs16935469
10	94192892	CG	2	0.193291	rs200772517
10	94192899	A	1	0.192891	rs200617481
10	106970066	C	T	0.479633	rs10884395
10	107461606	G	A	0.467851	rs7099793
10	122957587	G	T	0.160743	rs12251443
10	126145477	A	G	0.462061	rs11244839
10	126145498	T	C	0.260184	rs11244840
10	126145511	G	C	0.260383	rs12773842
10	126145570	T	G	0.797324	rs9422812
10	126145573	A	G	0.260583	rs12776125
11	6017113	A	1	0.773962	rs35228151
11	13907499	T	A	0.624201	rs4757207
11	18248443	C	T	0.191693	rs3758945
11	18749275	T	C	0.355232	rs921082
11	21000851	A	G	0.348842	rs16907243
11	54648849	A	G	0.433706	rs544585
11	75934964	G	C	0.163538	rs1995893
11	75934978	G	A	0.104832	rs73493938
11	77886440	C	T	0.365216	rs108843
11	77886521	C	T	0.366014	rs582866
11	77886748	G	C	0.365415	rs679526
11	97657581	C	0T	0.404952	rs35223207
11	97657581	C	1CT	0.404952	rs35223207
11	99349186	G	A	0.316494	rs1504737
11	102057966	A	G	0.492013	rs12146647
11	103408947	A	G	0.53754	rs2137864
11	103408952	G	A	0.53754	rs34386498
11	103408955	G	A	0.53754	rs2514396
11	110151432	A	C	0.143171	rs12362273
11	111821458	G	A	0.238818	rs7113067
11	128734279	C	T	0.468251	rs607703
11	128734337	G	T	0.390375	rs605093
11	129408983	A	G	0.328674	rs11823565
12	13440945	G	A	0.579673	rs10845776
12	18358381	T	C	0.166534	rs55634769
12	28505417	C	T	0.375399	rs6487685
12	30306496	G	A	0.156749	rs7304070
12	34205806	G	A	0.142572	rs7303243
12	34219837	G	C	0.225839	rs11831118
12	56870642	G	A	0.103834	rs74995587
12	56870767	G	0A	0.433506	rs71084715
12	56870767	G	1GA	0.433506	rs71084715
12	71735706	A	G	0.421925	rs2117759
12	99083847	T	C	0.553714	rs2888379
12	101779876	T	C	0.727436	rs4764816
12	101885415	G	A	0.740815	rs7960200
12	103926095	G	A	0.111222	rs11111849
12	118135862	T	A	0.122604	rs17512051
12	131661076	C	1	0.302915	rs201451422
12	131801389	G	A	0.342851	rs12823900
13	21466906	C	A	0.569289	rs1199894
13	31800651	G	A	0.610024	rs7332460
13	36864424	C	T	0.153554	rs4943433
13	37854936	G	A	0.228435	rs1577876
13	48764916	A	G	0.114417	rs11148120
13	48764954	C	T	0.103035	rs73480214
13	50812988	A	G	0.160543	rs2126366
13	70024098	G	T	0.204273	rs9634965
13	70024120	A	G	0.852436	rs4884872
14	33081180	C	T	0.375599	rs952363
14	49011216	C	T	0.238818	rs764602
14	49552672	G	A	0.121406	rs35319427
14	49552673	A	C	0.513179	rs4476096
14	49552699	G	C	0.519169	rs2354439
14	56212632	G	A	0.385184	rs3783667
14	88130677	C	T	0.39996	rs10782474
14	88130752	T	A	0.11881	rs994768
14	89875150	G	A	0.794928	rs1286937
14	90351068	G	A	0.47524	rs4904674
14	96828598	A	G	0.363019	rs9323955
14	99582466	C	T	0.122005	rs17098860
14	106636784	G	A	0.327276	rs61995836
15	25738514	T	G	0.814696	rs4906630
15	40331623	A	G	0.628195	rs1129264
15	46074982	T	G	0.373602	rs7180578
15	46076017	T	C	0.426518	rs10519042
15	46076048	T	G	0.333067	rs11070488
15	57394688	T	G	0.313099	rs4774261
15	59574106	C	T	0.313299	rs11071457
16	9600096	C	G	0.26897	rs1035110
16	9600140	C	G	0.269569	rs8044433
16	13064403	G	A	0.199281	rs202369
16	35735903	C	G	0.220248	rs12445057
16	35747375	C	T	0.198882	rs2405199
16	35751659	C	T	0.116214	rs73550108
16	50869572	AC	2	0.192292	rs536950103
16	53337551	A	G	0.296725	rs62049819
16	55837725	T	1	0.139776	rs11366185
16	66301815	A	G	0.240615	rs9807003
16	68742513	G	A	0.459065	rs4783671
16	75861096	T	G	0.103435	rs73616925
16	76745020	C	T	0.248003	rs56232217
16	81868474	T	C	0.74401	rs7196695
16	81868534	G	C	0.423323	rs7189843
16	81868678	A	G	0.221446	rs72837428
16	84039925	A	G	0.796725	rs7196363
16	84262828	A	G	0.172724	rs7193075
17	35151166	C	G	0.567093	rs4796042
17	54979614	A	G	0.230431	rs6504951
17	60040068	T	C	0.238019	rs16943973
17	77162131	T	G	0.384385	rs7206938
17	77162174	C	T	0.102236	rs76585072
17	77162179	C	G	0.644169	rs7215984
18	9844732	G	A	0.758387	rs471999
18	38950327	G	A	0.129593	rs6507295
18	42270703	A	G	0.825879	rs4890391
18	49946292	A	G	0.508187	rs1787590
18	49946323	G	A	0.211462	rs1787589
18	55146586	C	T	0.82528	rs1942892
18	74577222	C	G	0.683107	rs9953129
18	74577316	G	A	0.229233	rs11661606
18	77863548	G	A	0.307109	rs10469078
19	453160	A	G	0.867212	rs10853969
19	7887048	G	C	0.21226	rs563959
19	12070181	G	A	0.164736	rs7248116
19	22694892	G	A	0.124601	rs16999554
19	23999662	C	T	0.107029	rs17000593
19	24001097	G	T	0.105232	rs62116403
19	24001195	G	A	0.105431	rs62116404
19	24001459	C	T	0.157947	rs2916062
19	24001493	C	T	0.172724	rs17725639
19	24001650	G	T	0.106829	rs56286518
19	24003312	C	G	0.142572	rs68118089
19	24003361	C	A	0.160743	rs76252653
19	33011053	C	A	0.138379	rs10420808
19	41563940	G	A	0.116014	rs9749229
19	41563990	C	T	0.527157	rs12150975
19	41564158	G	C	0.526358	rs12983999
19	41564813	T	G	0.269169	rs3745938
19	41564935	T	C	0.83726	rs3745937
19	43406497	G	T	0.28115	rs11673673
19	43406612	A	G	0.522963	rs8113556
19	43407173	A	T	0.814097	rs1962017
19	43407988	A	0AGTT	0.102037	rs139402889
19	43407988	A	1AAGTT	0.102037	rs139402889
19	47008735	A	G	0.683107	rs8107380
19	53655080	C	T	0.176118	rs8105517
19	57867322	G	A	0.372804	rs7256066
20	5346014	T	0A	0.317093	rs73616169
20	5346014	T	1TA	0.317093	rs73616169
20	17489014	G	A	0.253395	rs6111547
20	17489390	C	G	0.585663	rs6080710
20	22785217	G	A	0.522165	rs2424474
20	23160913	C	G	0.25599	rs844915
20	23380976	C	T	0.292133	rs2424528
20	45559850	A	C	0.482827	rs4287826
21	14084676	G	A	0.129992	rs62209958
21	14084682	C	A	0.339657	rs73151515
21	14084697	G	A	0.129992	rs111858740
21	14084708	T	C	0.129992	rs113860785
21	14084713	A	T	0.324481	rs73340110
21	14084765	A	G	0.375599	rs67981257
21	14085143	ACACACAGT	9	0.657748	rs142207159
21	29208084	G	A	0.730431	rs2832257
21	32907337	G	T	0.315096	rs6517119
21	39928189	G	A	0.116613	rs13046992
21	42221237	G	A	0.182508	rs4148102
21	43708287	G	C	0.338059	rs2186924
22	25715051	G	A	0.344848	rs9608416
22	32635190	T	C	0.241214	rs8137407
X	1300356	A	G	0.352037	.
X	9403971	G	A	0.190199	rs66483110
X	9404005	G	T	0.190199	rs67727438
X	9404274	G	C	0.382781	rs6530284
X	9404278	T	G	0.383311	rs6530285
X	9409903	G	C	0.290596	rs4083210
X	9409955	C	T	0.132715	rs368295073
X	9411924	G	C	0.244503	rs4083205
X	9411944	C	A	0.308344	rs2141022
X	32593529	A	C	0.615629	rs808549
X	32593570	C	G	0.409272	rs808548
X	38053583	G	C	0.187285	rs73465459
X	109054204	G	1	0.462517	rs142562124
X	109054370	A	G	0.465695	rs190908473
X	109054372	T	C	0.567682	rs4893496
X	109054480	G	A	0.567682	rs7065821
X	109054502	C	T	0.474172	rs146670715
X	109054550	G	0GGGGC	0.274967	.
X	109054550	G	1GGGGGC	0.274967	.
X	140776274	CGG	3	0.370066	rs36105316
X	146427489	A	G	0.138013	rs200220619
